business_year,rcept_dt,report_nm,report_category,rcept_no,corp_name,flr_nm,rm,dart_url
2020,20210514,[기재정정]사업보고서 (2020.12),annual,20210514001634,에스디바이오센서,에스디바이오센서,연,https://dart.fss.or.kr/dsaf001/main.do?rcpNo=20210514001634
2021,20210517,분기보고서 (2021.03),quarter1,20210517001408,에스디바이오센서,에스디바이오센서,,https://dart.fss.or.kr/dsaf001/main.do?rcpNo=20210517001408
2021,20210813,[기재정정]반기보고서 (2021.06),half,20210813000450,에스디바이오센서,에스디바이오센서,,https://dart.fss.or.kr/dsaf001/main.do?rcpNo=20210813000450
2021,20211115,분기보고서 (2021.09),quarter3,20211115000725,에스디바이오센서,에스디바이오센서,,https://dart.fss.or.kr/dsaf001/main.do?rcpNo=20211115000725
2021,20250822,[기재정정]사업보고서 (2021.12),annual,20250822000031,에스디바이오센서,에스디바이오센서,연,https://dart.fss.or.kr/dsaf001/main.do?rcpNo=20250822000031
2022,20220516,분기보고서 (2022.03),quarter1,20220516000742,에스디바이오센서,에스디바이오센서,,https://dart.fss.or.kr/dsaf001/main.do?rcpNo=20220516000742
2022,20220812,반기보고서 (2022.06),half,20220812000737,에스디바이오센서,에스디바이오센서,,https://dart.fss.or.kr/dsaf001/main.do?rcpNo=20220812000737
2022,20221114,분기보고서 (2022.09),quarter3,20221114001076,에스디바이오센서,에스디바이오센서,,https://dart.fss.or.kr/dsaf001/main.do?rcpNo=20221114001076
2022,20250822,[기재정정]사업보고서 (2022.12),annual,20250822000225,에스디바이오센서,에스디바이오센서,연,https://dart.fss.or.kr/dsaf001/main.do?rcpNo=20250822000225
2023,20230515,분기보고서 (2023.03),quarter1,20230515001077,에스디바이오센서,에스디바이오센서,,https://dart.fss.or.kr/dsaf001/main.do?rcpNo=20230515001077
2023,20230811,반기보고서 (2023.06),half,20230811002405,에스디바이오센서,에스디바이오센서,,https://dart.fss.or.kr/dsaf001/main.do?rcpNo=20230811002405
2023,20231113,분기보고서 (2023.09),quarter3,20231113000704,에스디바이오센서,에스디바이오센서,,https://dart.fss.or.kr/dsaf001/main.do?rcpNo=20231113000704
2023,20250822,[기재정정]사업보고서 (2023.12),annual,20250822000247,에스디바이오센서,에스디바이오센서,연,https://dart.fss.or.kr/dsaf001/main.do?rcpNo=20250822000247
2024,20240513,분기보고서 (2024.03),quarter1,20240513000748,에스디바이오센서,에스디바이오센서,,https://dart.fss.or.kr/dsaf001/main.do?rcpNo=20240513000748
2024,20240813,반기보고서 (2024.06),half,20240813001333,에스디바이오센서,에스디바이오센서,,https://dart.fss.or.kr/dsaf001/main.do?rcpNo=20240813001333
2024,20241113,분기보고서 (2024.09),quarter3,20241113000247,에스디바이오센서,에스디바이오센서,,https://dart.fss.or.kr/dsaf001/main.do?rcpNo=20241113000247
2024,20250822,[기재정정]사업보고서 (2024.12),annual,20250822000274,에스디바이오센서,에스디바이오센서,연,https://dart.fss.or.kr/dsaf001/main.do?rcpNo=20250822000274
2025,20250514,분기보고서 (2025.03),quarter1,20250514000597,에스디바이오센서,에스디바이오센서,,https://dart.fss.or.kr/dsaf001/main.do?rcpNo=20250514000597
2025,20250813,반기보고서 (2025.06),half,20250813001248,에스디바이오센서,에스디바이오센서,,https://dart.fss.or.kr/dsaf001/main.do?rcpNo=20250813001248
2025,20251113,분기보고서 (2025.09),quarter3,20251113000515,에스디바이오센서,에스디바이오센서,,https://dart.fss.or.kr/dsaf001/main.do?rcpNo=20251113000515
2025,20260318,사업보고서 (2025.12),annual,20260318001064,에스디바이오센서,에스디바이오센서,연,https://dart.fss.or.kr/dsaf001/main.do?rcpNo=20260318001064
2026,20260514,분기보고서 (2026.03),quarter1,20260514000917,에스디바이오센서,에스디바이오센서,,https://dart.fss.or.kr/dsaf001/main.do?rcpNo=20260514000917
2026,20260814,반기보고서 (2026.06),half,20260814002250,에스디바이오센서,에스디바이오센서,,https://dart.fss.or.kr/dsaf001/main.do?rcpNo=20260814002250
